tower_id,latitude,longitude,operator,technology,data_source
30766851,31.6976,74.3194,1,LTE,REAL PUBLIC DATA
31568643,31.4706,74.3218,1,LTE,REAL PUBLIC DATA
32452098,31.3987,74.2636,1,LTE,REAL PUBLIC DATA
32007681,31.5548,74.3483,1,LTE,REAL PUBLIC DATA
32452099,31.3987,74.2608,1,LTE,REAL PUBLIC DATA
32260613,31.4327,74.2823,1,LTE,REAL PUBLIC DATA
32260620,31.3999,74.2609,1,LTE,REAL PUBLIC DATA
32260609,31.4082,74.261,1,LTE,REAL PUBLIC DATA
32260614,31.4081,74.2616,1,LTE,REAL PUBLIC DATA
33198083,31.4146,74.2612,1,LTE,REAL PUBLIC DATA
33198084,31.4167,74.2594,1,LTE,REAL PUBLIC DATA
33198090,31.4172,74.2549,1,LTE,REAL PUBLIC DATA
32479745,31.4259,74.2573,1,LTE,REAL PUBLIC DATA
32216328,31.4217,74.2603,1,LTE,REAL PUBLIC DATA
32216322,31.4325,74.2652,1,LTE,REAL PUBLIC DATA
32451585,31.4365,74.2689,1,LTE,REAL PUBLIC DATA
32481029,31.4384,74.2729,1,LTE,REAL PUBLIC DATA
31608323,31.4424,74.2757,1,LTE,REAL PUBLIC DATA
30820354,31.3962,74.262,1,LTE,REAL PUBLIC DATA
30820355,31.4244,74.2682,1,LTE,REAL PUBLIC DATA
31797251,31.4393,74.2709,1,LTE,REAL PUBLIC DATA
31797249,31.4393,74.2709,1,LTE,REAL PUBLIC DATA
30755585,31.4393,74.2709,1,LTE,REAL PUBLIC DATA
31109387,31.4959,74.302,1,LTE,REAL PUBLIC DATA
30810121,31.5068,74.312,1,LTE,REAL PUBLIC DATA
30749954,31.4991,74.3044,1,LTE,REAL PUBLIC DATA
30749953,31.5138,74.3173,1,LTE,REAL PUBLIC DATA
30930179,31.5305,74.3331,1,LTE,REAL PUBLIC DATA
31613441,31.5381,74.3417,1,LTE,REAL PUBLIC DATA
33081602,31.5397,74.343,1,LTE,REAL PUBLIC DATA
30879747,31.5483,74.3463,1,LTE,REAL PUBLIC DATA
30879745,31.5483,74.3463,1,LTE,REAL PUBLIC DATA
31511816,31.5483,74.3463,1,LTE,REAL PUBLIC DATA
31511817,31.5483,74.3463,1,LTE,REAL PUBLIC DATA
33197826,31.5586,74.3494,1,LTE,REAL PUBLIC DATA
31511811,31.5586,74.3494,1,LTE,REAL PUBLIC DATA
33081601,31.5443,74.3453,1,LTE,REAL PUBLIC DATA
30930178,31.5419,74.3421,1,LTE,REAL PUBLIC DATA
31785729,31.533,74.3323,1,LTE,REAL PUBLIC DATA
31109388,31.5049,74.3113,1,LTE,REAL PUBLIC DATA
31596290,31.5181,74.3193,1,LTE,REAL PUBLIC DATA
33082144,31.4713,74.3013,1,LTE,REAL PUBLIC DATA
31798273,31.4679,74.296,1,LTE,REAL PUBLIC DATA
31798274,31.4668,74.294,1,LTE,REAL PUBLIC DATA
32481281,31.4615,74.2857,1,LTE,REAL PUBLIC DATA
32481283,31.4596,74.2829,1,LTE,REAL PUBLIC DATA
32480820,31.4389,74.2773,1,LTE,REAL PUBLIC DATA
33198101,31.4282,74.2597,1,LTE,REAL PUBLIC DATA
33078529,31.421,74.2671,1,LTE,REAL PUBLIC DATA
32480819,31.4223,74.2656,1,LTE,REAL PUBLIC DATA
32362499,31.4398,74.2675,1,LTE,REAL PUBLIC DATA
32362497,31.4472,74.2738,1,LTE,REAL PUBLIC DATA
32481539,31.4615,74.2852,1,LTE,REAL PUBLIC DATA
32481537,31.4629,74.287,1,LTE,REAL PUBLIC DATA
30828034,31.4639,74.2889,1,LTE,REAL PUBLIC DATA
30828054,31.4634,74.2879,1,LTE,REAL PUBLIC DATA
33082134,31.4662,74.293,1,LTE,REAL PUBLIC DATA
10846988,31.6084,74.2481,4,LTE,REAL PUBLIC DATA
31858689,31.4464,74.3035,3,LTE,REAL PUBLIC DATA
1199096,31.4466,74.3035,3,UMTS,REAL PUBLIC DATA
1194096,31.4466,74.3035,3,UMTS,REAL PUBLIC DATA
10992908,31.6104,74.2528,4,LTE,REAL PUBLIC DATA
10846992,31.6087,74.2487,4,LTE,REAL PUBLIC DATA
31613443,31.5319,74.3382,1,LTE,REAL PUBLIC DATA
33225217,31.5267,74.3334,1,LTE,REAL PUBLIC DATA
33225229,31.5249,74.3317,1,LTE,REAL PUBLIC DATA
31550742,31.5229,74.3298,1,LTE,REAL PUBLIC DATA
30725388,31.5208,74.328,1,LTE,REAL PUBLIC DATA
33072897,31.5247,74.3291,1,LTE,REAL PUBLIC DATA
33072905,31.5163,74.3235,1,LTE,REAL PUBLIC DATA
33072899,31.5238,74.3278,1,LTE,REAL PUBLIC DATA
30928641,31.5196,74.3247,1,LTE,REAL PUBLIC DATA
30810119,31.509,74.3167,1,LTE,REAL PUBLIC DATA
30810113,31.5144,74.3195,1,LTE,REAL PUBLIC DATA
30723595,31.4942,74.3026,1,LTE,REAL PUBLIC DATA
31596300,31.492,74.3002,1,LTE,REAL PUBLIC DATA
31596296,31.5074,74.3108,1,LTE,REAL PUBLIC DATA
31596291,31.5002,74.3046,1,LTE,REAL PUBLIC DATA
32483841,31.5002,74.3057,1,LTE,REAL PUBLIC DATA
32483851,31.4838,74.2963,1,LTE,REAL PUBLIC DATA
32483351,31.4822,74.2978,1,LTE,REAL PUBLIC DATA
32483095,31.4805,74.2996,1,LTE,REAL PUBLIC DATA
33080343,31.4797,74.3003,1,LTE,REAL PUBLIC DATA
32483093,31.4774,74.3012,1,LTE,REAL PUBLIC DATA
32483083,31.4753,74.3019,1,LTE,REAL PUBLIC DATA
30843916,31.4734,74.3026,1,LTE,REAL PUBLIC DATA
33082123,31.4711,74.303,1,LTE,REAL PUBLIC DATA
31798028,31.47,74.3038,1,LTE,REAL PUBLIC DATA
30759947,31.47,74.3036,1,LTE,REAL PUBLIC DATA
32772621,31.4689,74.3045,1,LTE,REAL PUBLIC DATA
30759937,31.4699,74.3035,1,LTE,REAL PUBLIC DATA
33082145,31.4703,74.3011,1,LTE,REAL PUBLIC DATA
33082156,31.4686,74.2974,1,LTE,REAL PUBLIC DATA
33110018,31.4665,74.2934,1,LTE,REAL PUBLIC DATA
32481557,31.4624,74.286,1,LTE,REAL PUBLIC DATA
32481559,31.4602,74.2829,1,LTE,REAL PUBLIC DATA
32481301,31.459,74.2812,1,LTE,REAL PUBLIC DATA
32481303,31.4566,74.2781,1,LTE,REAL PUBLIC DATA
31608341,31.4548,74.2757,1,LTE,REAL PUBLIC DATA
31608343,31.454,74.2746,1,LTE,REAL PUBLIC DATA
31608342,31.4523,74.2723,1,LTE,REAL PUBLIC DATA
32481046,31.4508,74.2708,1,LTE,REAL PUBLIC DATA
32480791,31.448,74.2695,1,LTE,REAL PUBLIC DATA
32480790,31.4434,74.2679,1,LTE,REAL PUBLIC DATA
33078551,31.4432,74.2681,1,LTE,REAL PUBLIC DATA
32451605,31.4393,74.2652,1,LTE,REAL PUBLIC DATA
32451595,31.4376,74.263,1,LTE,REAL PUBLIC DATA
32216332,31.4363,74.2606,1,LTE,REAL PUBLIC DATA
33111563,31.4339,74.2569,1,LTE,REAL PUBLIC DATA
33111564,31.4321,74.2545,1,LTE,REAL PUBLIC DATA
32479755,31.4302,74.2522,1,LTE,REAL PUBLIC DATA
32479757,31.4213,74.2478,1,LTE,REAL PUBLIC DATA
33198089,31.4144,74.2541,1,LTE,REAL PUBLIC DATA
33198088,31.411,74.2594,1,LTE,REAL PUBLIC DATA
33025794,31.4126,74.264,1,LTE,REAL PUBLIC DATA
30931972,31.4091,74.2616,1,LTE,REAL PUBLIC DATA
32260619,31.4057,74.2582,1,LTE,REAL PUBLIC DATA
32260621,31.4024,74.2586,1,LTE,REAL PUBLIC DATA
32452109,31.3969,74.2606,1,LTE,REAL PUBLIC DATA
32452108,31.3952,74.2619,1,LTE,REAL PUBLIC DATA
32260612,31.4101,74.2639,1,LTE,REAL PUBLIC DATA
32479747,31.4237,74.2545,1,LTE,REAL PUBLIC DATA
32768257,31.3975,74.2605,1,LTE,REAL PUBLIC DATA
33111554,31.4327,74.2648,1,LTE,REAL PUBLIC DATA
33111553,31.4335,74.2632,1,LTE,REAL PUBLIC DATA
33073665,31.3975,74.2605,1,LTE,REAL PUBLIC DATA
32480809,31.44,74.2733,1,LTE,REAL PUBLIC DATA
31608322,31.439,74.2699,1,LTE,REAL PUBLIC DATA
31491074,31.3975,74.2605,1,LTE,REAL PUBLIC DATA
32480812,31.3975,74.2605,1,LTE,REAL PUBLIC DATA
32482562,31.3975,74.2605,1,LTE,REAL PUBLIC DATA
30820353,31.3975,74.2605,1,LTE,REAL PUBLIC DATA
30723585,31.3975,74.2605,1,LTE,REAL PUBLIC DATA
31109378,31.3975,74.2605,1,LTE,REAL PUBLIC DATA
31109377,31.3975,74.2605,1,LTE,REAL PUBLIC DATA
30725410,31.3975,74.2605,1,LTE,REAL PUBLIC DATA
30725409,31.3975,74.2605,1,LTE,REAL PUBLIC DATA
33225219,31.3975,74.2605,1,LTE,REAL PUBLIC DATA
31063809,31.3975,74.2605,1,LTE,REAL PUBLIC DATA
32337922,31.3975,74.2605,1,LTE,REAL PUBLIC DATA
32337921,31.3975,74.2605,1,LTE,REAL PUBLIC DATA
31518980,31.3975,74.2605,1,LTE,REAL PUBLIC DATA
31500803,31.3975,74.2605,1,LTE,REAL PUBLIC DATA
31500801,31.3975,74.2605,1,LTE,REAL PUBLIC DATA
31511821,31.5594,74.3498,1,LTE,REAL PUBLIC DATA
30791688,31.5594,74.3498,1,LTE,REAL PUBLIC DATA
31550722,31.5594,74.3498,1,LTE,REAL PUBLIC DATA
30725417,31.5594,74.3498,1,LTE,REAL PUBLIC DATA
31109379,31.5594,74.3498,1,LTE,REAL PUBLIC DATA
32483847,31.5594,74.3498,1,LTE,REAL PUBLIC DATA
32483331,31.5594,74.3498,1,LTE,REAL PUBLIC DATA
32483075,31.5594,74.3498,1,LTE,REAL PUBLIC DATA
33080323,31.5594,74.3498,1,LTE,REAL PUBLIC DATA
32483073,31.5594,74.3498,1,LTE,REAL PUBLIC DATA
32483074,31.5594,74.3498,1,LTE,REAL PUBLIC DATA
31798017,31.5594,74.3498,1,LTE,REAL PUBLIC DATA
31798018,31.5594,74.3498,1,LTE,REAL PUBLIC DATA
33082146,31.4702,74.3002,1,LTE,REAL PUBLIC DATA
32451587,31.4706,74.3011,1,LTE,REAL PUBLIC DATA
32216327,31.4492,74.2766,1,LTE,REAL PUBLIC DATA
32768259,31.4706,74.3011,1,LTE,REAL PUBLIC DATA
32116993,31.4706,74.3011,1,LTE,REAL PUBLIC DATA
32335617,31.4706,74.3011,1,LTE,REAL PUBLIC DATA
32260610,31.4119,74.266,1,LTE,REAL PUBLIC DATA
33082143,31.4715,74.2999,1,LTE,REAL PUBLIC DATA
31798019,31.4723,74.298,1,LTE,REAL PUBLIC DATA
33082166,31.4726,74.2972,1,LTE,REAL PUBLIC DATA
32772099,31.4677,74.3168,1,LTE,REAL PUBLIC DATA
32772097,31.4698,74.3182,1,LTE,REAL PUBLIC DATA
31078914,31.4652,74.3145,1,LTE,REAL PUBLIC DATA
31078915,31.4662,74.3107,1,LTE,REAL PUBLIC DATA
32772609,31.4674,74.3078,1,LTE,REAL PUBLIC DATA
32772611,31.4683,74.3057,1,LTE,REAL PUBLIC DATA
32976137,31.4759,74.3407,1,LTE,REAL PUBLIC DATA
32976129,31.475,74.3421,1,LTE,REAL PUBLIC DATA
32976131,31.4766,74.3386,1,LTE,REAL PUBLIC DATA
30774795,31.4765,74.3364,1,LTE,REAL PUBLIC DATA
32285954,31.4758,74.3345,1,LTE,REAL PUBLIC DATA
32285955,31.475,74.3317,1,LTE,REAL PUBLIC DATA
30776066,31.4738,74.3279,1,LTE,REAL PUBLIC DATA
31777031,31.4737,74.3276,1,LTE,REAL PUBLIC DATA
31777025,31.4729,74.3248,1,LTE,REAL PUBLIC DATA
31489794,31.4721,74.3225,1,LTE,REAL PUBLIC DATA
31568653,31.4714,74.32,1,LTE,REAL PUBLIC DATA
31489795,31.4711,74.3192,1,LTE,REAL PUBLIC DATA
32204547,31.4646,74.3153,1,LTE,REAL PUBLIC DATA
31078925,31.4662,74.3106,1,LTE,REAL PUBLIC DATA
33082133,31.4702,74.3007,1,LTE,REAL PUBLIC DATA
30759959,31.4697,74.2996,1,LTE,REAL PUBLIC DATA
32216342,31.4359,74.2599,1,LTE,REAL PUBLIC DATA
31613973,31.4343,74.2574,1,LTE,REAL PUBLIC DATA
32216343,31.4321,74.2545,1,LTE,REAL PUBLIC DATA
32769558,31.4307,74.2527,1,LTE,REAL PUBLIC DATA
32479765,31.4286,74.2502,1,LTE,REAL PUBLIC DATA
32768277,31.4269,74.2478,1,LTE,REAL PUBLIC DATA
32479767,31.4227,74.2473,1,LTE,REAL PUBLIC DATA
33198104,31.4152,74.2521,1,LTE,REAL PUBLIC DATA
33198103,31.413,74.2565,1,LTE,REAL PUBLIC DATA
33025815,31.4106,74.2599,1,LTE,REAL PUBLIC DATA
30931992,31.4082,74.2605,1,LTE,REAL PUBLIC DATA
32260629,31.4054,74.2578,1,LTE,REAL PUBLIC DATA
32260611,31.4032,74.2576,1,LTE,REAL PUBLIC DATA
33062147,31.4171,74.269,1,LTE,REAL PUBLIC DATA
33062146,31.4194,74.2712,1,LTE,REAL PUBLIC DATA
33062145,31.4205,74.2722,1,LTE,REAL PUBLIC DATA
33072129,31.4213,74.2729,1,LTE,REAL PUBLIC DATA
32439555,31.422,74.275,1,LTE,REAL PUBLIC DATA
32439554,31.4206,74.2789,1,LTE,REAL PUBLIC DATA
33067818,31.4223,74.2814,1,LTE,REAL PUBLIC DATA
33067819,31.4238,74.2826,1,LTE,REAL PUBLIC DATA
33067828,31.4248,74.2835,1,LTE,REAL PUBLIC DATA
33063169,31.4265,74.2851,1,LTE,REAL PUBLIC DATA
33063171,31.4288,74.2868,1,LTE,REAL PUBLIC DATA
30873857,31.431,74.2878,1,LTE,REAL PUBLIC DATA
30873859,31.4344,74.2894,1,LTE,REAL PUBLIC DATA
30871810,31.4376,74.2913,1,LTE,REAL PUBLIC DATA
33166851,31.4408,74.293,1,LTE,REAL PUBLIC DATA
32440577,31.4427,74.294,1,LTE,REAL PUBLIC DATA
33166849,31.4431,74.2942,1,LTE,REAL PUBLIC DATA
32987400,31.4443,74.2948,1,LTE,REAL PUBLIC DATA
32374530,31.4461,74.2958,1,LTE,REAL PUBLIC DATA
32374531,31.4473,74.2964,1,LTE,REAL PUBLIC DATA
32374529,31.4488,74.2972,1,LTE,REAL PUBLIC DATA
30774579,31.4519,74.2989,1,LTE,REAL PUBLIC DATA
30774559,31.454,74.3,1,LTE,REAL PUBLIC DATA
30774560,31.4548,74.3004,1,LTE,REAL PUBLIC DATA
30774561,31.4559,74.301,1,LTE,REAL PUBLIC DATA
32502019,31.4578,74.302,1,LTE,REAL PUBLIC DATA
32502018,31.4605,74.3034,1,LTE,REAL PUBLIC DATA
31080195,31.4637,74.3051,1,LTE,REAL PUBLIC DATA
31080193,31.4657,74.3062,1,LTE,REAL PUBLIC DATA
32772610,31.4668,74.3068,1,LTE,REAL PUBLIC DATA
32285965,31.4763,74.3358,1,LTE,REAL PUBLIC DATA
30774805,31.4768,74.3377,1,LTE,REAL PUBLIC DATA
32976151,31.4759,74.3408,1,LTE,REAL PUBLIC DATA
32976149,31.4756,74.3423,1,LTE,REAL PUBLIC DATA
31288835,31.4757,74.342,1,LTE,REAL PUBLIC DATA
30774785,31.4764,74.3364,1,LTE,REAL PUBLIC DATA
31569153,31.476,74.335,1,LTE,REAL PUBLIC DATA
30737411,31.4741,74.329,1,LTE,REAL PUBLIC DATA
31777033,31.4713,74.3196,1,LTE,REAL PUBLIC DATA
32772619,31.4674,74.3076,1,LTE,REAL PUBLIC DATA
31798284,31.4658,74.2922,1,LTE,REAL PUBLIC DATA
31608326,31.4538,74.2744,1,LTE,REAL PUBLIC DATA
32480810,31.4459,74.2688,1,LTE,REAL PUBLIC DATA
32216323,31.4346,74.2578,1,LTE,REAL PUBLIC DATA
33025804,31.4094,74.2613,1,LTE,REAL PUBLIC DATA
30978819,31.3948,74.2636,1,LTE,REAL PUBLIC DATA
31964930,31.4419,74.212,3,LTE,REAL PUBLIC DATA
31964161,31.4352,74.2103,3,LTE,REAL PUBLIC DATA
32452098,31.3946,74.2636,7,LTE,REAL PUBLIC DATA
1219509,31.4395,74.2041,3,UMTS,REAL PUBLIC DATA
31964419,31.4358,74.2108,3,LTE,REAL PUBLIC DATA
31964418,31.438,74.213,3,LTE,REAL PUBLIC DATA
31964162,31.4331,74.2139,3,LTE,REAL PUBLIC DATA
32216577,31.6014,74.4689,1,LTE,REAL PUBLIC DATA
32118531,31.4667,74.2554,1,LTE,REAL PUBLIC DATA
32451842,31.4667,74.2554,1,LTE,REAL PUBLIC DATA
32451842,31.4667,74.2554,7,LTE,REAL PUBLIC DATA
26688725,31.6103,74.2529,4,LTE,REAL PUBLIC DATA
26708093,31.6104,74.2528,4,LTE,REAL PUBLIC DATA
26687523,31.6103,74.2526,4,LTE,REAL PUBLIC DATA
30843926,31.4753,74.3035,1,LTE,REAL PUBLIC DATA
207926530,31.6085,74.2144,3,LTE,REAL PUBLIC DATA
207757571,31.6165,74.2122,3,LTE,REAL PUBLIC DATA
207926630,31.616,74.2133,3,LTE,REAL PUBLIC DATA
207757159,31.616,74.2133,3,LTE,REAL PUBLIC DATA
207803084,31.616,74.2133,3,LTE,REAL PUBLIC DATA
207757259,31.6014,74.2163,3,LTE,REAL PUBLIC DATA
207757571,31.6165,74.2122,6,LTE,REAL PUBLIC DATA
207757671,31.6165,74.2122,6,LTE,REAL PUBLIC DATA
207757771,31.6165,74.2122,6,LTE,REAL PUBLIC DATA
207926017,31.6099,74.2229,6,LTE,REAL PUBLIC DATA
207757669,31.6237,74.2335,6,LTE,REAL PUBLIC DATA
207926117,31.6237,74.2335,6,LTE,REAL PUBLIC DATA
207926018,31.6237,74.2335,6,LTE,REAL PUBLIC DATA
207757159,31.6241,74.2471,6,LTE,REAL PUBLIC DATA
212371301,31.6097,74.2486,6,LTE,REAL PUBLIC DATA
207408387,31.6097,74.2486,6,LTE,REAL PUBLIC DATA
207405770,31.6097,74.2486,6,LTE,REAL PUBLIC DATA
207408586,31.6097,74.2486,6,LTE,REAL PUBLIC DATA
207408386,31.6046,74.2665,6,LTE,REAL PUBLIC DATA
207405670,31.6046,74.2665,6,LTE,REAL PUBLIC DATA
207406951,31.6046,74.2665,6,LTE,REAL PUBLIC DATA
207405571,31.6066,74.2629,6,LTE,REAL PUBLIC DATA
207802881,31.5956,74.2306,6,LTE,REAL PUBLIC DATA
207926630,31.6165,74.2122,6,LTE,REAL PUBLIC DATA
207926730,31.616,74.2133,6,LTE,REAL PUBLIC DATA
207803084,31.6176,74.2148,6,LTE,REAL PUBLIC DATA
207494603,31.4465,74.3035,6,LTE,REAL PUBLIC DATA
207764485,31.6085,74.2144,3,LTE,REAL PUBLIC DATA
207401731,31.6142,74.2211,3,LTE,REAL PUBLIC DATA
207757571,31.6165,74.2122,4,LTE,REAL PUBLIC DATA
207757671,31.6099,74.2229,4,LTE,REAL PUBLIC DATA
207926630,31.6099,74.2229,4,LTE,REAL PUBLIC DATA
207657318,31.6112,74.2222,4,LTE,REAL PUBLIC DATA
207757771,31.6088,74.2251,4,LTE,REAL PUBLIC DATA
207764582,31.622,74.2086,4,LTE,REAL PUBLIC DATA
207764682,31.622,74.2086,4,LTE,REAL PUBLIC DATA
207657218,31.6165,74.2122,4,LTE,REAL PUBLIC DATA
207803084,31.6165,74.2122,4,LTE,REAL PUBLIC DATA
207853001,31.6014,74.2163,4,LTE,REAL PUBLIC DATA
207852901,31.6014,74.2163,4,LTE,REAL PUBLIC DATA
207852801,31.6014,74.2163,4,LTE,REAL PUBLIC DATA
207401831,31.6088,74.2251,4,LTE,REAL PUBLIC DATA
27182,31.6112,74.2222,4,GSM,REAL PUBLIC DATA
207401731,31.6165,74.2122,6,LTE,REAL PUBLIC DATA
207657318,31.6142,74.2211,3,LTE,REAL PUBLIC DATA
207757771,31.6088,74.2251,3,LTE,REAL PUBLIC DATA
207657218,31.6132,74.213,3,LTE,REAL PUBLIC DATA
212371201,31.6132,74.213,3,LTE,REAL PUBLIC DATA
27182,31.6099,74.2229,3,LTE,REAL PUBLIC DATA
207926529,31.6132,74.213,3,LTE,REAL PUBLIC DATA
207764582,31.6134,74.2317,3,LTE,REAL PUBLIC DATA
207408386,31.6076,74.2625,3,LTE,REAL PUBLIC DATA
207406851,31.6076,74.2625,3,LTE,REAL PUBLIC DATA
207757057,31.6076,74.2625,3,LTE,REAL PUBLIC DATA
207406951,31.6076,74.2625,3,LTE,REAL PUBLIC DATA
207405670,31.6104,74.268,3,LTE,REAL PUBLIC DATA
207408586,31.6101,74.2632,3,LTE,REAL PUBLIC DATA
31004163,31.4526,74.2615,3,LTE,REAL PUBLIC DATA
32060424,31.6551,74.2956,1,LTE,REAL PUBLIC DATA
33105666,31.5647,74.3797,1,LTE,REAL PUBLIC DATA
33105676,31.5649,74.3797,1,LTE,REAL PUBLIC DATA
29319,31.565,74.3796,1,GSM,REAL PUBLIC DATA
32014594,31.5643,74.3795,1,LTE,REAL PUBLIC DATA
33105665,31.5672,74.3807,1,LTE,REAL PUBLIC DATA
32014614,31.5646,74.3794,1,LTE,REAL PUBLIC DATA
30724099,31.5747,74.3811,1,LTE,REAL PUBLIC DATA
31934467,31.5717,74.3809,1,LTE,REAL PUBLIC DATA
33116930,31.579,74.3812,1,LTE,REAL PUBLIC DATA
32840968,31.5837,74.3812,1,LTE,REAL PUBLIC DATA
32840963,31.5832,74.3791,1,LTE,REAL PUBLIC DATA
30820611,31.581,74.3742,1,LTE,REAL PUBLIC DATA
32840962,31.5775,74.3617,1,LTE,REAL PUBLIC DATA
31087874,31.5789,74.369,1,LTE,REAL PUBLIC DATA
32497667,31.5762,74.3539,1,LTE,REAL PUBLIC DATA
30844163,31.5741,74.3487,1,LTE,REAL PUBLIC DATA
30914818,31.5665,74.3457,1,LTE,REAL PUBLIC DATA
30936834,31.565,74.3447,1,LTE,REAL PUBLIC DATA
30776578,31.5665,74.3421,1,LTE,REAL PUBLIC DATA
30914819,31.5717,74.3383,1,LTE,REAL PUBLIC DATA
30858497,31.5732,74.3373,1,LTE,REAL PUBLIC DATA
31442946,31.5753,74.336,1,LTE,REAL PUBLIC DATA
31442965,31.5772,74.3343,1,LTE,REAL PUBLIC DATA
32826113,31.5832,74.3303,1,LTE,REAL PUBLIC DATA
31068674,31.5868,74.3254,1,LTE,REAL PUBLIC DATA
31068673,31.5876,74.3221,1,LTE,REAL PUBLIC DATA
33271299,31.5892,74.3178,1,LTE,REAL PUBLIC DATA
33278466,31.5936,74.3168,1,LTE,REAL PUBLIC DATA
32821763,31.5954,74.3116,1,LTE,REAL PUBLIC DATA
30877729,31.5911,74.3065,1,LTE,REAL PUBLIC DATA
30877727,31.5924,74.304,1,LTE,REAL PUBLIC DATA
30764552,31.5985,74.2986,1,LTE,REAL PUBLIC DATA
31520257,31.5951,74.3014,1,LTE,REAL PUBLIC DATA
32460035,31.6001,74.2972,1,LTE,REAL PUBLIC DATA
32460034,31.5946,74.295,1,LTE,REAL PUBLIC DATA
33228807,31.5837,74.2909,1,LTE,REAL PUBLIC DATA
32448791,31.5753,74.2863,1,LTE,REAL PUBLIC DATA
33165570,31.5638,74.28,1,LTE,REAL PUBLIC DATA
31116546,31.5562,74.2737,1,LTE,REAL PUBLIC DATA
31099905,31.5442,74.2667,1,LTE,REAL PUBLIC DATA
33246217,31.5392,74.2652,1,LTE,REAL PUBLIC DATA
32461570,31.5414,74.2656,1,LTE,REAL PUBLIC DATA
31545889,31.546,74.2672,1,LTE,REAL PUBLIC DATA
33009667,31.5507,74.2698,1,LTE,REAL PUBLIC DATA
31097877,31.5536,74.2726,1,LTE,REAL PUBLIC DATA
33190175,31.5567,74.2713,1,LTE,REAL PUBLIC DATA
33190198,31.5569,74.2699,1,LTE,REAL PUBLIC DATA
33190196,31.5566,74.2689,1,LTE,REAL PUBLIC DATA
33190195,31.5561,74.2674,1,LTE,REAL PUBLIC DATA
31548192,31.5548,74.2661,1,LTE,REAL PUBLIC DATA
31548191,31.5542,74.2655,1,LTE,REAL PUBLIC DATA
31548214,31.554,74.2653,1,LTE,REAL PUBLIC DATA
31548191,31.554,74.2652,7,LTE,REAL PUBLIC DATA
31548171,31.5545,74.2656,1,LTE,REAL PUBLIC DATA
33388,31.5232,74.2767,3,GSM,REAL PUBLIC DATA
21699,31.5231,74.2765,3,GSM,REAL PUBLIC DATA
39744,31.5233,74.2765,1,GSM,REAL PUBLIC DATA
19744,31.5233,74.2764,1,GSM,REAL PUBLIC DATA
34941,31.5233,74.2763,1,GSM,REAL PUBLIC DATA
1198921,31.5228,74.2763,3,UMTS,REAL PUBLIC DATA
29744,31.5233,74.2763,1,GSM,REAL PUBLIC DATA
24941,31.5233,74.2763,1,GSM,REAL PUBLIC DATA
19347,31.5235,74.2764,1,GSM,REAL PUBLIC DATA
1193921,31.5234,74.2764,3,UMTS,REAL PUBLIC DATA
31488,31.5231,74.2763,1,GSM,REAL PUBLIC DATA
29292,31.5237,74.2764,1,GSM,REAL PUBLIC DATA
23249,31.5235,74.2764,1,GSM,REAL PUBLIC DATA
31813889,31.5236,74.2765,3,LTE,REAL PUBLIC DATA
31813891,31.5236,74.2766,3,LTE,REAL PUBLIC DATA
33214473,31.5236,74.2765,1,LTE,REAL PUBLIC DATA
32416003,31.5285,74.281,1,LTE,REAL PUBLIC DATA
31100962,31.528,74.2792,1,LTE,REAL PUBLIC DATA
31100969,31.5274,74.2791,1,LTE,REAL PUBLIC DATA
33112067,31.5295,74.2803,1,LTE,REAL PUBLIC DATA
33112066,31.5289,74.2819,1,LTE,REAL PUBLIC DATA
31100960,31.5278,74.2784,1,LTE,REAL PUBLIC DATA
31984899,31.5257,74.2786,1,LTE,REAL PUBLIC DATA
31984897,31.5245,74.2822,1,LTE,REAL PUBLIC DATA
31101443,31.5257,74.2837,1,LTE,REAL PUBLIC DATA
31609089,31.53,74.2861,1,LTE,REAL PUBLIC DATA
32015875,31.5359,74.2901,1,LTE,REAL PUBLIC DATA
30735623,31.5444,74.2947,1,LTE,REAL PUBLIC DATA
30862082,31.5509,74.3002,1,LTE,REAL PUBLIC DATA
30753075,31.5563,74.3053,1,LTE,REAL PUBLIC DATA
30859011,31.5636,74.3048,1,LTE,REAL PUBLIC DATA
32017671,31.5695,74.3046,1,LTE,REAL PUBLIC DATA
30768385,31.5728,74.3058,1,LTE,REAL PUBLIC DATA
30778881,31.5782,74.3063,1,LTE,REAL PUBLIC DATA
33132291,31.5856,74.3067,1,LTE,REAL PUBLIC DATA
30764553,31.6002,74.2988,1,LTE,REAL PUBLIC DATA
31095860,31.6077,74.2961,1,LTE,REAL PUBLIC DATA
32795651,31.6261,74.2886,1,LTE,REAL PUBLIC DATA
32979464,31.6174,74.2904,1,LTE,REAL PUBLIC DATA
33172738,31.6344,74.2868,1,LTE,REAL PUBLIC DATA
31730998,31.645,74.2845,1,LTE,REAL PUBLIC DATA
31730978,31.645,74.2915,1,LTE,REAL PUBLIC DATA
31730976,31.6446,74.2871,1,LTE,REAL PUBLIC DATA
33240609,31.6498,74.297,1,LTE,REAL PUBLIC DATA
33002755,31.6521,74.2955,1,LTE,REAL PUBLIC DATA
33240608,31.6517,74.2947,1,LTE,REAL PUBLIC DATA
33001985,31.6544,74.2952,1,LTE,REAL PUBLIC DATA
32439042,31.655,74.2951,1,LTE,REAL PUBLIC DATA
33036545,31.6796,74.3288,1,LTE,REAL PUBLIC DATA
33036555,31.6739,74.3231,1,LTE,REAL PUBLIC DATA
33036556,31.6678,74.3167,1,LTE,REAL PUBLIC DATA
32060417,31.6618,74.3103,1,LTE,REAL PUBLIC DATA
32060418,31.6537,74.3019,1,LTE,REAL PUBLIC DATA
33240597,31.6476,74.2954,1,LTE,REAL PUBLIC DATA
33001995,31.655,74.2949,1,LTE,REAL PUBLIC DATA
31042561,31.3751,74.1769,3,LTE,REAL PUBLIC DATA
30861845,31.4607,74.3315,1,LTE,REAL PUBLIC DATA
31833347,31.4605,74.3319,3,LTE,REAL PUBLIC DATA
31833345,31.4612,74.3305,3,LTE,REAL PUBLIC DATA
1957264,31.4748,74.3778,4,LTE,REAL PUBLIC DATA
208258817,31.475,74.3783,6,LTE,REAL PUBLIC DATA
207378791,31.4753,74.3791,6,LTE,REAL PUBLIC DATA
1404763,31.4753,74.3791,4,LTE,REAL PUBLIC DATA
208258918,31.4752,74.3788,6,LTE,REAL PUBLIC DATA
1572368,31.4753,74.3791,4,LTE,REAL PUBLIC DATA
1957268,31.4751,74.3785,4,LTE,REAL PUBLIC DATA
208259018,31.4753,74.379,6,LTE,REAL PUBLIC DATA
207501158,31.475,74.3781,6,LTE,REAL PUBLIC DATA
1957233,31.4748,74.3775,4,LTE,REAL PUBLIC DATA
1957231,31.4745,74.3767,4,LTE,REAL PUBLIC DATA
207390721,31.4745,74.3767,6,LTE,REAL PUBLIC DATA
207379713,31.474,74.375,6,LTE,REAL PUBLIC DATA
1164290,31.4739,74.3745,4,LTE,REAL PUBLIC DATA
1957254,31.4732,74.3724,4,LTE,REAL PUBLIC DATA
207384578,31.4732,74.3724,6,LTE,REAL PUBLIC DATA
1957258,31.473,74.3717,4,LTE,REAL PUBLIC DATA
2012167,31.4725,74.37,4,LTE,REAL PUBLIC DATA
207384678,31.4718,74.3676,6,LTE,REAL PUBLIC DATA
1404679,31.4719,74.3683,4,LTE,REAL PUBLIC DATA
1404673,31.4715,74.3649,4,LTE,REAL PUBLIC DATA
207384679,31.4714,74.3617,6,LTE,REAL PUBLIC DATA
899341,31.4714,74.3602,4,LTE,REAL PUBLIC DATA
1404674,31.4728,74.3571,4,LTE,REAL PUBLIC DATA
207392613,31.4735,74.356,6,LTE,REAL PUBLIC DATA
1404675,31.4753,74.3569,4,LTE,REAL PUBLIC DATA
10382594,31.4746,74.3568,4,LTE,REAL PUBLIC DATA
1032460,31.4748,74.3552,4,LTE,REAL PUBLIC DATA
1994499,31.4725,74.354,4,LTE,REAL PUBLIC DATA
207501513,31.4722,74.3543,6,LTE,REAL PUBLIC DATA
1994589,31.4725,74.3554,4,LTE,REAL PUBLIC DATA
1994503,31.4724,74.3554,4,LTE,REAL PUBLIC DATA
10992134,31.4725,74.3559,4,LTE,REAL PUBLIC DATA
207392514,31.4722,74.3571,6,LTE,REAL PUBLIC DATA
33086733,31.5758,74.4046,7,LTE,REAL PUBLIC DATA
